system:index,LST_day,NDVI,date,fire_label,precip_m,temp_2m,u_wind_10m,v_wind_10m,.geo
0,,0.6689245455320794,2024-01-01,1,,,,,"{""type"":""MultiPoint"",""coordinates"":[]}"
1,,,2024-01-02,1,,,,,"{""type"":""MultiPoint"",""coordinates"":[]}"
2,29.188526789031762,,2024-01-03,1,,,,,"{""type"":""MultiPoint"",""coordinates"":[]}"
3,,,2024-01-04,1,,,,,"{""type"":""MultiPoint"",""coordinates"":[]}"
4,28.443477321814267,,2024-01-05,1,,,,,"{""type"":""MultiPoint"",""coordinates"":[]}"
5,27.147892503536088,,2024-01-06,1,,,,,"{""type"":""MultiPoint"",""coordinates"":[]}"
6,27.290575760394407,,2024-01-07,1,,,,,"{""type"":""MultiPoint"",""coordinates"":[]}"
7,,,2024-01-08,1,,,,,"{""type"":""MultiPoint"",""coordinates"":[]}"
8,,,2024-01-09,1,,,,,"{""type"":""MultiPoint"",""coordinates"":[]}"
9,21.095370370370397,,2024-01-10,1,,,,,"{""type"":""MultiPoint"",""coordinates"":[]}"
10,,,2024-01-11,1,,,,,"{""type"":""MultiPoint"",""coordinates"":[]}"
11,28.636905506804037,,2024-01-12,1,,,,,"{""type"":""MultiPoint"",""coordinates"":[]}"
12,24.5313418150029,,2024-01-13,1,,,,,"{""type"":""MultiPoint"",""coordinates"":[]}"
13,27.355103059231965,,2024-01-14,1,,,,,"{""type"":""MultiPoint"",""coordinates"":[]}"
14,29.95836997725551,,2024-01-15,1,,,,,"{""type"":""MultiPoint"",""coordinates"":[]}"
15,,,2024-01-16,1,,,,,"{""type"":""MultiPoint"",""coordinates"":[]}"
16,29.169593000698406,0.6812883747816505,2024-01-17,1,,,,,"{""type"":""MultiPoint"",""coordinates"":[]}"
17,28.73936782484245,,2024-01-18,1,,,,,"{""type"":""MultiPoint"",""coordinates"":[]}"
18,30.239358341307838,,2024-01-19,1,,,,,"{""type"":""MultiPoint"",""coordinates"":[]}"
19,29.956103108415487,,2024-01-20,1,,,,,"{""type"":""MultiPoint"",""coordinates"":[]}"
20,26.7930608621547,,2024-01-21,1,,,,,"{""type"":""MultiPoint"",""coordinates"":[]}"
21,31.345431134698046,,2024-01-22,1,,,,,"{""type"":""MultiPoint"",""coordinates"":[]}"
22,30.021303765478912,,2024-01-23,1,,,,,"{""type"":""MultiPoint"",""coordinates"":[]}"
23,30.229136717041353,,2024-01-24,1,,,,,"{""type"":""MultiPoint"",""coordinates"":[]}"
24,30.0070106141016,,2024-01-25,1,,,,,"{""type"":""MultiPoint"",""coordinates"":[]}"
25,29.76872222722539,,2024-01-26,1,,,,,"{""type"":""MultiPoint"",""coordinates"":[]}"
26,30.807100075815033,,2024-01-27,1,,,,,"{""type"":""MultiPoint"",""coordinates"":[]}"
27,,,2024-01-28,1,,,,,"{""type"":""MultiPoint"",""coordinates"":[]}"
28,30.987303765478917,,2024-01-29,1,,,,,"{""type"":""MultiPoint"",""coordinates"":[]}"
29,30.19574576699522,,2024-01-30,1,,,,,"{""type"":""MultiPoint"",""coordinates"":[]}"
30,30.11023991906347,,2024-01-31,1,,,,,"{""type"":""MultiPoint"",""coordinates"":[]}"
31,31.682580995703844,,2024-02-01,1,,,,,"{""type"":""MultiPoint"",""coordinates"":[]}"
32,,0.6265551827939332,2024-02-02,1,,,,,"{""type"":""MultiPoint"",""coordinates"":[]}"
33,31.421622188526698,,2024-02-03,1,,,,,"{""type"":""MultiPoint"",""coordinates"":[]}"
34,29.718061589848052,,2024-02-04,1,,,,,"{""type"":""MultiPoint"",""coordinates"":[]}"
35,31.217230224917888,,2024-02-05,1,,,,,"{""type"":""MultiPoint"",""coordinates"":[]}"
36,32.00510159211529,,2024-02-06,1,,,,,"{""type"":""MultiPoint"",""coordinates"":[]}"
37,30.676505433409176,,2024-02-07,1,,,,,"{""type"":""MultiPoint"",""coordinates"":[]}"
38,29.760022239070032,,2024-02-08,1,,,,,"{""type"":""MultiPoint"",""coordinates"":[]}"
39,,,2024-02-09,1,,,,,"{""type"":""MultiPoint"",""coordinates"":[]}"
40,32.15782031842307,,2024-02-10,1,,,,,"{""type"":""MultiPoint"",""coordinates"":[]}"
41,32.38396537781153,,2024-02-11,1,,,,,"{""type"":""MultiPoint"",""coordinates"":[]}"
42,31.906539044730874,,2024-02-12,1,,,,,"{""type"":""MultiPoint"",""coordinates"":[]}"
43,31.894848875410666,,2024-02-13,1,,,,,"{""type"":""MultiPoint"",""coordinates"":[]}"
44,,,2024-02-14,1,,,,,"{""type"":""MultiPoint"",""coordinates"":[]}"
45,30.6681650240081,,2024-02-15,1,,,,,"{""type"":""MultiPoint"",""coordinates"":[]}"
46,31.6489557745767,,2024-02-16,1,,,,,"{""type"":""MultiPoint"",""coordinates"":[]}"
47,30.49346066968791,,2024-02-17,1,,,,,"{""type"":""MultiPoint"",""coordinates"":[]}"
48,33.00438387667427,0.6243949173368376,2024-02-18,1,,,,,"{""type"":""MultiPoint"",""coordinates"":[]}"
49,30.08379140259817,,2024-02-19,1,,,,,"{""type"":""MultiPoint"",""coordinates"":[]}"
50,33.370419257012905,,2024-02-20,1,,,,,"{""type"":""MultiPoint"",""coordinates"":[]}"
51,,,2024-02-21,1,,,,,"{""type"":""MultiPoint"",""coordinates"":[]}"
52,31.515121731964978,,2024-02-22,1,,,,,"{""type"":""MultiPoint"",""coordinates"":[]}"
53,31.17481086376753,,2024-02-23,1,,,,,"{""type"":""MultiPoint"",""coordinates"":[]}"
54,,,2024-02-24,1,,,,,"{""type"":""MultiPoint"",""coordinates"":[]}"
55,32.74252287086178,,2024-02-25,1,,,,,"{""type"":""MultiPoint"",""coordinates"":[]}"
56,,,2024-02-26,1,,,,,"{""type"":""MultiPoint"",""coordinates"":[]}"
57,32.382360121304025,,2024-02-27,1,,,,,"{""type"":""MultiPoint"",""coordinates"":[]}"
58,34.428614607025516,,2024-02-28,1,,,,,"{""type"":""MultiPoint"",""coordinates"":[]}"
59,32.858302211491555,,2024-02-29,1,,,,,"{""type"":""MultiPoint"",""coordinates"":[]}"
60,33.568695811678424,,2024-03-01,1,,,,,"{""type"":""MultiPoint"",""coordinates"":[]}"
61,,,2024-03-02,1,,,,,"{""type"":""MultiPoint"",""coordinates"":[]}"
62,33.34528985231664,,2024-03-03,1,,,,,"{""type"":""MultiPoint"",""coordinates"":[]}"
63,30.482146870175566,,2024-03-04,1,,,,,"{""type"":""MultiPoint"",""coordinates"":[]}"
64,34.49462117765985,0.5941686116884515,2024-03-05,1,,,,,"{""type"":""MultiPoint"",""coordinates"":[]}"
65,33.20607050796059,,2024-03-06,1,,,,,"{""type"":""MultiPoint"",""coordinates"":[]}"
66,31.486826315556964,,2024-03-07,1,,,,,"{""type"":""MultiPoint"",""coordinates"":[]}"
67,32.55756242447374,,2024-03-08,1,,,,,"{""type"":""MultiPoint"",""coordinates"":[]}"
68,,,2024-03-09,1,,,,,"{""type"":""MultiPoint"",""coordinates"":[]}"
69,33.055229681066685,,2024-03-10,1,,,,,"{""type"":""MultiPoint"",""coordinates"":[]}"
70,33.621295931261066,,2024-03-11,1,,,,,"{""type"":""MultiPoint"",""coordinates"":[]}"
71,31.91469079780499,,2024-03-12,1,,,,,"{""type"":""MultiPoint"",""coordinates"":[]}"
72,32.170338071230134,,2024-03-13,1,,,,,"{""type"":""MultiPoint"",""coordinates"":[]}"
73,,,2024-03-14,1,,,,,"{""type"":""MultiPoint"",""coordinates"":[]}"
74,31.56287532862878,,2024-03-15,1,,,,,"{""type"":""MultiPoint"",""coordinates"":[]}"
75,,,2024-03-16,1,,,,,"{""type"":""MultiPoint"",""coordinates"":[]}"
76,31.756182494421065,,2024-03-17,1,,,,,"{""type"":""MultiPoint"",""coordinates"":[]}"
77,32.438550431499486,,2024-03-18,1,,,,,"{""type"":""MultiPoint"",""coordinates"":[]}"
78,27.878967136150262,,2024-03-19,1,,,,,"{""type"":""MultiPoint"",""coordinates"":[]}"
79,33.36933254084682,,2024-03-20,1,,,,,"{""type"":""MultiPoint"",""coordinates"":[]}"
80,32.64356077836745,0.5878727420037521,2024-03-21,1,,,,,"{""type"":""MultiPoint"",""coordinates"":[]}"
81,33.28888556253023,,2024-03-22,1,,,,,"{""type"":""MultiPoint"",""coordinates"":[]}"
82,,,2024-03-23,1,,,,,"{""type"":""MultiPoint"",""coordinates"":[]}"
83,,,2024-03-24,1,,,,,"{""type"":""MultiPoint"",""coordinates"":[]}"
84,37.69973717462728,,2024-03-25,1,,,,,"{""type"":""MultiPoint"",""coordinates"":[]}"
85,,,2024-03-26,1,,,,,"{""type"":""MultiPoint"",""coordinates"":[]}"
86,34.998670962850674,,2024-03-27,1,,,,,"{""type"":""MultiPoint"",""coordinates"":[]}"
87,30.80941094458002,,2024-03-28,1,,,,,"{""type"":""MultiPoint"",""coordinates"":[]}"
88,,,2024-03-29,1,,,,,"{""type"":""MultiPoint"",""coordinates"":[]}"
89,36.29555513336886,,2024-03-30,1,,,,,"{""type"":""MultiPoint"",""coordinates"":[]}"
90,,,2024-03-31,1,,,,,"{""type"":""MultiPoint"",""coordinates"":[]}"
91,34.37927567420324,,2024-04-01,1,,,,,"{""type"":""MultiPoint"",""coordinates"":[]}"
92,26.19676258992809,,2024-04-02,1,,,,,"{""type"":""MultiPoint"",""coordinates"":[]}"
93,,,2024-04-03,1,,,,,"{""type"":""MultiPoint"",""coordinates"":[]}"
94,33.00792611987643,,2024-04-04,1,,,,,"{""type"":""MultiPoint"",""coordinates"":[]}"
95,,,2024-04-05,1,,,,,"{""type"":""MultiPoint"",""coordinates"":[]}"
96,34.23334908231875,0.5963382205782954,2024-04-06,1,,,,,"{""type"":""MultiPoint"",""coordinates"":[]}"
97,28.55612581279298,,2024-04-07,1,,,,,"{""type"":""MultiPoint"",""coordinates"":[]}"
98,33.95630281225249,,2024-04-08,1,,,,,"{""type"":""MultiPoint"",""coordinates"":[]}"
99,32.596903667066,,2024-04-09,1,,,,,"{""type"":""MultiPoint"",""coordinates"":[]}"
100,33.730095325992146,,2024-04-10,1,,,,,"{""type"":""MultiPoint"",""coordinates"":[]}"
101,,,2024-04-11,1,,,,,"{""type"":""MultiPoint"",""coordinates"":[]}"
102,,,2024-04-12,1,,,,,"{""type"":""MultiPoint"",""coordinates"":[]}"
103,,,2024-04-13,1,,,,,"{""type"":""MultiPoint"",""coordinates"":[]}"
104,,,2024-04-14,1,,,,,"{""type"":""MultiPoint"",""coordinates"":[]}"
105,,,2024-04-15,1,,,,,"{""type"":""MultiPoint"",""coordinates"":[]}"
106,,,2024-04-16,1,,,,,"{""type"":""MultiPoint"",""coordinates"":[]}"
107,,,2024-04-17,1,,,,,"{""type"":""MultiPoint"",""coordinates"":[]}"
108,,,2024-04-18,1,,,,,"{""type"":""MultiPoint"",""coordinates"":[]}"
109,,,2024-04-19,1,,,,,"{""type"":""MultiPoint"",""coordinates"":[]}"
110,,,2024-04-20,1,,,,,"{""type"":""MultiPoint"",""coordinates"":[]}"
111,30.190000000000055,,2024-04-21,1,,,,,"{""type"":""MultiPoint"",""coordinates"":[]}"
112,,0.5656448737467858,2024-04-22,1,,,,,"{""type"":""MultiPoint"",""coordinates"":[]}"
113,36.729130654536284,,2024-04-23,1,,,,,"{""type"":""MultiPoint"",""coordinates"":[]}"
114,,,2024-04-24,1,,,,,"{""type"":""MultiPoint"",""coordinates"":[]}"
115,34.20901794616156,,2024-04-25,1,,,,,"{""type"":""MultiPoint"",""coordinates"":[]}"
116,32.021321222732944,,2024-04-26,1,,,,,"{""type"":""MultiPoint"",""coordinates"":[]}"
117,28.41293051186736,,2024-04-27,1,,,,,"{""type"":""MultiPoint"",""coordinates"":[]}"
118,35.160275806630466,,2024-04-28,1,,,,,"{""type"":""MultiPoint"",""coordinates"":[]}"
119,,,2024-04-29,1,,,,,"{""type"":""MultiPoint"",""coordinates"":[]}"
120,,,2024-04-30,1,,,,,"{""type"":""MultiPoint"",""coordinates"":[]}"
121,,,2024-05-01,1,,,,,"{""type"":""MultiPoint"",""coordinates"":[]}"
122,,,2024-05-02,1,,,,,"{""type"":""MultiPoint"",""coordinates"":[]}"
123,,,2024-05-03,1,,,,,"{""type"":""MultiPoint"",""coordinates"":[]}"
124,,,2024-05-04,1,,,,,"{""type"":""MultiPoint"",""coordinates"":[]}"
125,,,2024-05-05,1,,,,,"{""type"":""MultiPoint"",""coordinates"":[]}"
126,27.939063670412004,,2024-05-06,1,,,,,"{""type"":""MultiPoint"",""coordinates"":[]}"
127,35.23124332777588,,2024-05-07,1,,,,,"{""type"":""MultiPoint"",""coordinates"":[]}"
128,,0.6130769086440951,2024-05-08,1,,,,,"{""type"":""MultiPoint"",""coordinates"":[]}"
129,,,2024-05-09,1,,,,,"{""type"":""MultiPoint"",""coordinates"":[]}"
130,,,2024-05-10,1,,,,,"{""type"":""MultiPoint"",""coordinates"":[]}"
131,,,2024-05-11,1,,,,,"{""type"":""MultiPoint"",""coordinates"":[]}"
132,,,2024-05-12,1,,,,,"{""type"":""MultiPoint"",""coordinates"":[]}"
133,,,2024-05-13,1,,,,,"{""type"":""MultiPoint"",""coordinates"":[]}"
134,,,2024-05-14,1,,,,,"{""type"":""MultiPoint"",""coordinates"":[]}"
135,34.66787685518245,,2024-05-15,1,,,,,"{""type"":""MultiPoint"",""coordinates"":[]}"
136,,,2024-05-16,1,,,,,"{""type"":""MultiPoint"",""coordinates"":[]}"
137,,,2024-05-17,1,,,,,"{""type"":""MultiPoint"",""coordinates"":[]}"
138,,,2024-05-18,1,,,,,"{""type"":""MultiPoint"",""coordinates"":[]}"
139,,,2024-05-19,1,,,,,"{""type"":""MultiPoint"",""coordinates"":[]}"
140,,,2024-05-20,1,,,,,"{""type"":""MultiPoint"",""coordinates"":[]}"
141,,,2024-05-21,1,,,,,"{""type"":""MultiPoint"",""coordinates"":[]}"
142,,,2024-05-22,1,,,,,"{""type"":""MultiPoint"",""coordinates"":[]}"
143,,,2024-05-23,1,,,,,"{""type"":""MultiPoint"",""coordinates"":[]}"
144,,0.30272230231279934,2024-05-24,1,,,,,"{""type"":""MultiPoint"",""coordinates"":[]}"
145,,,2024-05-25,1,,,,,"{""type"":""MultiPoint"",""coordinates"":[]}"
146,,,2024-05-26,1,,,,,"{""type"":""MultiPoint"",""coordinates"":[]}"
147,,,2024-05-27,1,,,,,"{""type"":""MultiPoint"",""coordinates"":[]}"
148,,,2024-05-28,1,,,,,"{""type"":""MultiPoint"",""coordinates"":[]}"
149,,,2024-05-29,1,,,,,"{""type"":""MultiPoint"",""coordinates"":[]}"
150,,,2024-05-30,1,,,,,"{""type"":""MultiPoint"",""coordinates"":[]}"
151,,,2024-05-31,1,,,,,"{""type"":""MultiPoint"",""coordinates"":[]}"
152,,,2024-06-01,1,,,,,"{""type"":""MultiPoint"",""coordinates"":[]}"
153,,,2024-06-02,1,,,,,"{""type"":""MultiPoint"",""coordinates"":[]}"
154,,,2024-06-03,1,,,,,"{""type"":""MultiPoint"",""coordinates"":[]}"
155,,,2024-06-04,1,,,,,"{""type"":""MultiPoint"",""coordinates"":[]}"
156,,,2024-06-05,1,,,,,"{""type"":""MultiPoint"",""coordinates"":[]}"
157,,,2024-06-06,1,,,,,"{""type"":""MultiPoint"",""coordinates"":[]}"
158,,,2024-06-07,1,,,,,"{""type"":""MultiPoint"",""coordinates"":[]}"
159,,,2024-06-08,1,,,,,"{""type"":""MultiPoint"",""coordinates"":[]}"
160,,0.6277104859343108,2024-06-09,1,,,,,"{""type"":""MultiPoint"",""coordinates"":[]}"
161,,,2024-06-10,1,,,,,"{""type"":""MultiPoint"",""coordinates"":[]}"
162,,,2024-06-11,1,,,,,"{""type"":""MultiPoint"",""coordinates"":[]}"
163,,,2024-06-12,1,,,,,"{""type"":""MultiPoint"",""coordinates"":[]}"
164,,,2024-06-13,1,,,,,"{""type"":""MultiPoint"",""coordinates"":[]}"
165,,,2024-06-14,1,,,,,"{""type"":""MultiPoint"",""coordinates"":[]}"
166,29.344242402876706,,2024-06-15,1,,,,,"{""type"":""MultiPoint"",""coordinates"":[]}"
167,,,2024-06-16,1,,,,,"{""type"":""MultiPoint"",""coordinates"":[]}"
168,24.690000000000055,,2024-06-17,1,,,,,"{""type"":""MultiPoint"",""coordinates"":[]}"
169,,,2024-06-18,1,,,,,"{""type"":""MultiPoint"",""coordinates"":[]}"
170,,,2024-06-19,1,,,,,"{""type"":""MultiPoint"",""coordinates"":[]}"
171,,,2024-06-20,1,,,,,"{""type"":""MultiPoint"",""coordinates"":[]}"
172,,,2024-06-21,1,,,,,"{""type"":""MultiPoint"",""coordinates"":[]}"
173,,,2024-06-22,1,,,,,"{""type"":""MultiPoint"",""coordinates"":[]}"
174,,,2024-06-23,1,,,,,"{""type"":""MultiPoint"",""coordinates"":[]}"
175,,,2024-06-24,1,,,,,"{""type"":""MultiPoint"",""coordinates"":[]}"
176,,0.5171371889470784,2024-06-25,1,,,,,"{""type"":""MultiPoint"",""coordinates"":[]}"
177,,,2024-06-26,1,,,,,"{""type"":""MultiPoint"",""coordinates"":[]}"
178,,,2024-06-27,1,,,,,"{""type"":""MultiPoint"",""coordinates"":[]}"
179,,,2024-06-28,1,,,,,"{""type"":""MultiPoint"",""coordinates"":[]}"
180,,,2024-06-29,1,,,,,"{""type"":""MultiPoint"",""coordinates"":[]}"
181,,,2024-06-30,1,,,,,"{""type"":""MultiPoint"",""coordinates"":[]}"
182,,,2024-07-01,1,,,,,"{""type"":""MultiPoint"",""coordinates"":[]}"
183,,,2024-07-02,1,,,,,"{""type"":""MultiPoint"",""coordinates"":[]}"
184,,,2024-07-03,1,,,,,"{""type"":""MultiPoint"",""coordinates"":[]}"
185,,,2024-07-04,1,,,,,"{""type"":""MultiPoint"",""coordinates"":[]}"
186,,,2024-07-05,1,,,,,"{""type"":""MultiPoint"",""coordinates"":[]}"
187,,,2024-07-06,1,,,,,"{""type"":""MultiPoint"",""coordinates"":[]}"
188,,,2024-07-07,1,,,,,"{""type"":""MultiPoint"",""coordinates"":[]}"
189,,,2024-07-08,1,,,,,"{""type"":""MultiPoint"",""coordinates"":[]}"
190,,,2024-07-09,1,,,,,"{""type"":""MultiPoint"",""coordinates"":[]}"
191,26.630220385674953,,2024-07-10,1,,,,,"{""type"":""MultiPoint"",""coordinates"":[]}"
192,,0.4588668532405098,2024-07-11,1,,,,,"{""type"":""MultiPoint"",""coordinates"":[]}"
193,,,2024-07-12,1,,,,,"{""type"":""MultiPoint"",""coordinates"":[]}"
194,,,2024-07-13,1,,,,,"{""type"":""MultiPoint"",""coordinates"":[]}"
195,,,2024-07-14,1,,,,,"{""type"":""MultiPoint"",""coordinates"":[]}"
196,,,2024-07-15,1,,,,,"{""type"":""MultiPoint"",""coordinates"":[]}"
197,,,2024-07-16,1,,,,,"{""type"":""MultiPoint"",""coordinates"":[]}"
198,,,2024-07-17,1,,,,,"{""type"":""MultiPoint"",""coordinates"":[]}"
199,,,2024-07-18,1,,,,,"{""type"":""MultiPoint"",""coordinates"":[]}"
200,,,2024-07-19,1,,,,,"{""type"":""MultiPoint"",""coordinates"":[]}"
201,,,2024-07-20,1,,,,,"{""type"":""MultiPoint"",""coordinates"":[]}"
202,,,2024-07-21,1,,,,,"{""type"":""MultiPoint"",""coordinates"":[]}"
203,,,2024-07-22,1,,,,,"{""type"":""MultiPoint"",""coordinates"":[]}"
204,,,2024-07-23,1,,,,,"{""type"":""MultiPoint"",""coordinates"":[]}"
205,,,2024-07-24,1,,,,,"{""type"":""MultiPoint"",""coordinates"":[]}"
206,,,2024-07-25,1,,,,,"{""type"":""MultiPoint"",""coordinates"":[]}"
207,,,2024-07-26,1,,,,,"{""type"":""MultiPoint"",""coordinates"":[]}"
208,,0.41765308004775886,2024-07-27,1,,,,,"{""type"":""MultiPoint"",""coordinates"":[]}"
209,,,2024-07-28,1,,,,,"{""type"":""MultiPoint"",""coordinates"":[]}"
210,,,2024-07-29,1,,,,,"{""type"":""MultiPoint"",""coordinates"":[]}"
211,,,2024-07-30,1,,,,,"{""type"":""MultiPoint"",""coordinates"":[]}"
212,,,2024-07-31,1,,,,,"{""type"":""MultiPoint"",""coordinates"":[]}"
213,,,2024-08-01,1,,,,,"{""type"":""MultiPoint"",""coordinates"":[]}"
214,,,2024-08-02,1,,,,,"{""type"":""MultiPoint"",""coordinates"":[]}"
215,,,2024-08-03,1,,,,,"{""type"":""MultiPoint"",""coordinates"":[]}"
216,,,2024-08-04,1,,,,,"{""type"":""MultiPoint"",""coordinates"":[]}"
217,,,2024-08-05,1,,,,,"{""type"":""MultiPoint"",""coordinates"":[]}"
218,,,2024-08-06,1,,,,,"{""type"":""MultiPoint"",""coordinates"":[]}"
219,,,2024-08-07,1,,,,,"{""type"":""MultiPoint"",""coordinates"":[]}"
220,,,2024-08-08,1,,,,,"{""type"":""MultiPoint"",""coordinates"":[]}"
221,,,2024-08-09,1,,,,,"{""type"":""MultiPoint"",""coordinates"":[]}"
222,,,2024-08-10,1,,,,,"{""type"":""MultiPoint"",""coordinates"":[]}"
223,,,2024-08-11,1,,,,,"{""type"":""MultiPoint"",""coordinates"":[]}"
224,,0.4719022843713877,2024-08-12,1,,,,,"{""type"":""MultiPoint"",""coordinates"":[]}"
225,29.264117647058832,,2024-08-13,1,,,,,"{""type"":""MultiPoint"",""coordinates"":[]}"
226,,,2024-08-14,1,,,,,"{""type"":""MultiPoint"",""coordinates"":[]}"
227,,,2024-08-15,1,,,,,"{""type"":""MultiPoint"",""coordinates"":[]}"
228,,,2024-08-16,1,,,,,"{""type"":""MultiPoint"",""coordinates"":[]}"
229,,,2024-08-17,1,,,,,"{""type"":""MultiPoint"",""coordinates"":[]}"
230,,,2024-08-18,1,,,,,"{""type"":""MultiPoint"",""coordinates"":[]}"
231,,,2024-08-19,1,,,,,"{""type"":""MultiPoint"",""coordinates"":[]}"
232,,,2024-08-20,1,,,,,"{""type"":""MultiPoint"",""coordinates"":[]}"
233,,,2024-08-21,1,,,,,"{""type"":""MultiPoint"",""coordinates"":[]}"
234,,,2024-08-22,1,,,,,"{""type"":""MultiPoint"",""coordinates"":[]}"
235,,,2024-08-23,1,,,,,"{""type"":""MultiPoint"",""coordinates"":[]}"
236,,,2024-08-24,1,,,,,"{""type"":""MultiPoint"",""coordinates"":[]}"
237,26.362956631275893,,2024-08-25,1,,,,,"{""type"":""MultiPoint"",""coordinates"":[]}"
238,23.194187793427258,,2024-08-26,1,,,,,"{""type"":""MultiPoint"",""coordinates"":[]}"
239,,,2024-08-27,1,,,,,"{""type"":""MultiPoint"",""coordinates"":[]}"
240,,0.3633933629408755,2024-08-28,1,,,,,"{""type"":""MultiPoint"",""coordinates"":[]}"
241,,,2024-08-29,1,,,,,"{""type"":""MultiPoint"",""coordinates"":[]}"
242,,,2024-08-30,1,,,,,"{""type"":""MultiPoint"",""coordinates"":[]}"
243,,,2024-08-31,1,,,,,"{""type"":""MultiPoint"",""coordinates"":[]}"
244,,,2024-09-01,1,,,,,"{""type"":""MultiPoint"",""coordinates"":[]}"
245,25.546064634894687,,2024-09-02,1,,,,,"{""type"":""MultiPoint"",""coordinates"":[]}"
246,,,2024-09-03,1,,,,,"{""type"":""MultiPoint"",""coordinates"":[]}"
247,26.50628664495117,,2024-09-04,1,,,,,"{""type"":""MultiPoint"",""coordinates"":[]}"
248,,,2024-09-05,1,,,,,"{""type"":""MultiPoint"",""coordinates"":[]}"
249,,,2024-09-06,1,,,,,"{""type"":""MultiPoint"",""coordinates"":[]}"
250,,,2024-09-07,1,,,,,"{""type"":""MultiPoint"",""coordinates"":[]}"
251,,,2024-09-08,1,,,,,"{""type"":""MultiPoint"",""coordinates"":[]}"
252,,,2024-09-09,1,,,,,"{""type"":""MultiPoint"",""coordinates"":[]}"
253,,,2024-09-10,1,,,,,"{""type"":""MultiPoint"",""coordinates"":[]}"
254,27.227924830560728,,2024-09-11,1,,,,,"{""type"":""MultiPoint"",""coordinates"":[]}"
255,,,2024-09-12,1,,,,,"{""type"":""MultiPoint"",""coordinates"":[]}"
256,,0.5725304773426496,2024-09-13,1,,,,,"{""type"":""MultiPoint"",""coordinates"":[]}"
257,,,2024-09-14,1,,,,,"{""type"":""MultiPoint"",""coordinates"":[]}"
258,31.38290887145448,,2024-09-15,1,,,,,"{""type"":""MultiPoint"",""coordinates"":[]}"
259,30.201079602140467,,2024-09-16,1,,,,,"{""type"":""MultiPoint"",""coordinates"":[]}"
260,23.03877077625572,,2024-09-17,1,,,,,"{""type"":""MultiPoint"",""coordinates"":[]}"
261,30.629354146806506,,2024-09-18,1,,,,,"{""type"":""MultiPoint"",""coordinates"":[]}"
262,25.651136744631625,,2024-09-19,1,,,,,"{""type"":""MultiPoint"",""coordinates"":[]}"
263,,,2024-09-20,1,,,,,"{""type"":""MultiPoint"",""coordinates"":[]}"
264,,,2024-09-21,1,,,,,"{""type"":""MultiPoint"",""coordinates"":[]}"
265,,,2024-09-22,1,,,,,"{""type"":""MultiPoint"",""coordinates"":[]}"
266,,,2024-09-23,1,,,,,"{""type"":""MultiPoint"",""coordinates"":[]}"
267,,,2024-09-24,1,,,,,"{""type"":""MultiPoint"",""coordinates"":[]}"
268,,,2024-09-25,1,,,,,"{""type"":""MultiPoint"",""coordinates"":[]}"
269,,,2024-09-26,1,,,,,"{""type"":""MultiPoint"",""coordinates"":[]}"
270,,,2024-09-27,1,,,,,"{""type"":""MultiPoint"",""coordinates"":[]}"
271,26.878778785764172,,2024-09-28,1,,,,,"{""type"":""MultiPoint"",""coordinates"":[]}"
272,29.161503003003023,0.6373206121533427,2024-09-29,1,,,,,"{""type"":""MultiPoint"",""coordinates"":[]}"
273,,,2024-09-30,1,,,,,"{""type"":""MultiPoint"",""coordinates"":[]}"
274,31.702975680308572,,2024-10-01,1,,,,,"{""type"":""MultiPoint"",""coordinates"":[]}"
275,,,2024-10-02,1,,,,,"{""type"":""MultiPoint"",""coordinates"":[]}"
276,,,2024-10-03,1,,,,,"{""type"":""MultiPoint"",""coordinates"":[]}"
277,,,2024-10-04,1,,,,,"{""type"":""MultiPoint"",""coordinates"":[]}"
278,30.40703755703758,,2024-10-05,1,,,,,"{""type"":""MultiPoint"",""coordinates"":[]}"
279,,,2024-10-06,1,,,,,"{""type"":""MultiPoint"",""coordinates"":[]}"
280,,,2024-10-07,1,,,,,"{""type"":""MultiPoint"",""coordinates"":[]}"
281,,,2024-10-08,1,,,,,"{""type"":""MultiPoint"",""coordinates"":[]}"
282,,,2024-10-09,1,,,,,"{""type"":""MultiPoint"",""coordinates"":[]}"
283,,,2024-10-10,1,,,,,"{""type"":""MultiPoint"",""coordinates"":[]}"
284,,,2024-10-11,1,,,,,"{""type"":""MultiPoint"",""coordinates"":[]}"
285,,,2024-10-12,1,,,,,"{""type"":""MultiPoint"",""coordinates"":[]}"
286,,,2024-10-13,1,,,,,"{""type"":""MultiPoint"",""coordinates"":[]}"
287,,,2024-10-14,1,,,,,"{""type"":""MultiPoint"",""coordinates"":[]}"
288,,0.6375726074362504,2024-10-15,1,,,,,"{""type"":""MultiPoint"",""coordinates"":[]}"
289,,,2024-10-16,1,,,,,"{""type"":""MultiPoint"",""coordinates"":[]}"
290,,,2024-10-17,1,,,,,"{""type"":""MultiPoint"",""coordinates"":[]}"
291,25.899765001140803,,2024-10-18,1,,,,,"{""type"":""MultiPoint"",""coordinates"":[]}"
292,,,2024-10-19,1,,,,,"{""type"":""MultiPoint"",""coordinates"":[]}"
293,,,2024-10-20,1,,,,,"{""type"":""MultiPoint"",""coordinates"":[]}"
294,,,2024-10-21,1,,,,,"{""type"":""MultiPoint"",""coordinates"":[]}"
295,29.85398422090732,,2024-10-22,1,,,,,"{""type"":""MultiPoint"",""coordinates"":[]}"
296,30.77389689868067,,2024-10-23,1,,,,,"{""type"":""MultiPoint"",""coordinates"":[]}"
297,,,2024-10-24,1,,,,,"{""type"":""MultiPoint"",""coordinates"":[]}"
298,31.286734839618347,,2024-10-25,1,,,,,"{""type"":""MultiPoint"",""coordinates"":[]}"
299,27.49330097087382,,2024-10-26,1,,,,,"{""type"":""MultiPoint"",""coordinates"":[]}"
300,28.616954877060277,,2024-10-27,1,,,,,"{""type"":""MultiPoint"",""coordinates"":[]}"
301,29.928369433857057,,2024-10-28,1,,,,,"{""type"":""MultiPoint"",""coordinates"":[]}"
302,,,2024-10-29,1,,,,,"{""type"":""MultiPoint"",""coordinates"":[]}"
303,31.57312815070314,,2024-10-30,1,,,,,"{""type"":""MultiPoint"",""coordinates"":[]}"
304,27.060056091541426,0.6783097063673057,2024-10-31,1,,,,,"{""type"":""MultiPoint"",""coordinates"":[]}"
305,,,2024-11-01,1,,,,,"{""type"":""MultiPoint"",""coordinates"":[]}"
306,,,2024-11-02,1,,,,,"{""type"":""MultiPoint"",""coordinates"":[]}"
307,26.72076622361224,,2024-11-03,1,,,,,"{""type"":""MultiPoint"",""coordinates"":[]}"
308,30.77552489275785,,2024-11-04,1,,,,,"{""type"":""MultiPoint"",""coordinates"":[]}"
309,,,2024-11-05,1,,,,,"{""type"":""MultiPoint"",""coordinates"":[]}"
310,28.81599801980202,,2024-11-06,1,,,,,"{""type"":""MultiPoint"",""coordinates"":[]}"
311,28.82200697699776,,2024-11-07,1,,,,,"{""type"":""MultiPoint"",""coordinates"":[]}"
312,,,2024-11-08,1,,,,,"{""type"":""MultiPoint"",""coordinates"":[]}"
313,31.017994187515825,,2024-11-09,1,,,,,"{""type"":""MultiPoint"",""coordinates"":[]}"
314,,,2024-11-10,1,,,,,"{""type"":""MultiPoint"",""coordinates"":[]}"
315,30.392803698642897,,2024-11-11,1,,,,,"{""type"":""MultiPoint"",""coordinates"":[]}"
316,,,2024-11-12,1,,,,,"{""type"":""MultiPoint"",""coordinates"":[]}"
317,,,2024-11-13,1,,,,,"{""type"":""MultiPoint"",""coordinates"":[]}"
318,,,2024-11-14,1,,,,,"{""type"":""MultiPoint"",""coordinates"":[]}"
319,,,2024-11-15,1,,,,,"{""type"":""MultiPoint"",""coordinates"":[]}"
320,,0.6937786779919055,2024-11-16,1,,,,,"{""type"":""MultiPoint"",""coordinates"":[]}"
321,28.611210513014917,,2024-11-17,1,,,,,"{""type"":""MultiPoint"",""coordinates"":[]}"
322,26.47332581431022,,2024-11-18,1,,,,,"{""type"":""MultiPoint"",""coordinates"":[]}"
323,29.785687896050725,,2024-11-19,1,,,,,"{""type"":""MultiPoint"",""coordinates"":[]}"
324,,,2024-11-20,1,,,,,"{""type"":""MultiPoint"",""coordinates"":[]}"
325,,,2024-11-21,1,,,,,"{""type"":""MultiPoint"",""coordinates"":[]}"
326,24.414785488050704,,2024-11-22,1,,,,,"{""type"":""MultiPoint"",""coordinates"":[]}"
327,,,2024-11-23,1,,,,,"{""type"":""MultiPoint"",""coordinates"":[]}"
328,21.843594013645394,,2024-11-24,1,,,,,"{""type"":""MultiPoint"",""coordinates"":[]}"
329,,,2024-11-25,1,,,,,"{""type"":""MultiPoint"",""coordinates"":[]}"
330,,,2024-11-26,1,,,,,"{""type"":""MultiPoint"",""coordinates"":[]}"
331,,,2024-11-27,1,,,,,"{""type"":""MultiPoint"",""coordinates"":[]}"
332,29.22160953577412,,2024-11-28,1,,,,,"{""type"":""MultiPoint"",""coordinates"":[]}"
333,28.271768239153584,,2024-11-29,1,,,,,"{""type"":""MultiPoint"",""coordinates"":[]}"
334,,,2024-11-30,1,,,,,"{""type"":""MultiPoint"",""coordinates"":[]}"
335,,,2024-12-01,1,,,,,"{""type"":""MultiPoint"",""coordinates"":[]}"
336,,0.7134572212314384,2024-12-02,1,,,,,"{""type"":""MultiPoint"",""coordinates"":[]}"
337,,,2024-12-03,1,,,,,"{""type"":""MultiPoint"",""coordinates"":[]}"
338,,,2024-12-04,1,,,,,"{""type"":""MultiPoint"",""coordinates"":[]}"
339,,,2024-12-05,1,,,,,"{""type"":""MultiPoint"",""coordinates"":[]}"
340,30.15546727318677,,2024-12-06,1,,,,,"{""type"":""MultiPoint"",""coordinates"":[]}"
341,,,2024-12-07,1,,,,,"{""type"":""MultiPoint"",""coordinates"":[]}"
342,29.46553828658077,,2024-12-08,1,,,,,"{""type"":""MultiPoint"",""coordinates"":[]}"
343,29.33878695981807,,2024-12-09,1,,,,,"{""type"":""MultiPoint"",""coordinates"":[]}"
344,,,2024-12-10,1,,,,,"{""type"":""MultiPoint"",""coordinates"":[]}"
345,29.816345553498934,,2024-12-11,1,,,,,"{""type"":""MultiPoint"",""coordinates"":[]}"
346,,,2024-12-12,1,,,,,"{""type"":""MultiPoint"",""coordinates"":[]}"
347,,,2024-12-13,1,,,,,"{""type"":""MultiPoint"",""coordinates"":[]}"
348,,,2024-12-14,1,,,,,"{""type"":""MultiPoint"",""coordinates"":[]}"
349,27.75667718698402,,2024-12-15,1,,,,,"{""type"":""MultiPoint"",""coordinates"":[]}"
350,28.736172858225935,,2024-12-16,1,,,,,"{""type"":""MultiPoint"",""coordinates"":[]}"
351,,,2024-12-17,1,,,,,"{""type"":""MultiPoint"",""coordinates"":[]}"
352,29.65912711650243,0.7120183353917984,2024-12-18,1,,,,,"{""type"":""MultiPoint"",""coordinates"":[]}"
353,26.37446404449743,,2024-12-19,1,,,,,"{""type"":""MultiPoint"",""coordinates"":[]}"
354,29.50762028672429,,2024-12-20,1,,,,,"{""type"":""MultiPoint"",""coordinates"":[]}"
355,29.379781147333873,,2024-12-21,1,,,,,"{""type"":""MultiPoint"",""coordinates"":[]}"
356,,,2024-12-22,1,,,,,"{""type"":""MultiPoint"",""coordinates"":[]}"
357,29.237444560241723,,2024-12-23,1,,,,,"{""type"":""MultiPoint"",""coordinates"":[]}"
358,28.454188021228223,,2024-12-24,1,,,,,"{""type"":""MultiPoint"",""coordinates"":[]}"
359,26.66837429111536,,2024-12-25,1,,,,,"{""type"":""MultiPoint"",""coordinates"":[]}"
360,28.563782776752465,,2024-12-26,1,,,,,"{""type"":""MultiPoint"",""coordinates"":[]}"
361,,,2024-12-27,1,,,,,"{""type"":""MultiPoint"",""coordinates"":[]}"
362,29.184375284306288,,2024-12-28,1,,,,,"{""type"":""MultiPoint"",""coordinates"":[]}"
363,28.89339903967654,,2024-12-29,1,,,,,"{""type"":""MultiPoint"",""coordinates"":[]}"
364,,,2024-12-30,1,,,,,"{""type"":""MultiPoint"",""coordinates"":[]}"
